,customer,state,gender,education,customer_lifetime_value,income,monthly_premium_auto,number_of_open_complaints,policy_type,vehicle_class,total_claim_amount
0,RB50392,Washington,F,Master,793690.0,0.0,1000.0,0,Personal Auto,Four-Door Car,2.704934
1,QZ44356,Arizona,F,Bachelor,697953.59,0.0,94.0,0,Personal Auto,Four-Door Car,1131.464935
2,AI49188,Nevada,F,Bachelor,1288743.17,48767.0,108.0,0,Personal Auto,Two-Door Car,566.472247
3,WW63253,California,M,Bachelor,764586.18,0.0,106.0,0,Corporate Auto,SUV,529.881344
4,GA49547,Washington,M,High School or Below,536307.65,36357.0,68.0,0,Personal Auto,Four-Door Car,17.269323
5,OC83172,Oregon,F,Bachelor,825629.78,62902.0,69.0,0,Personal Auto,Two-Door Car,159.383042
6,XZ87318,Oregon,F,College,538089.86,55350.0,67.0,0,Corporate Auto,Four-Door Car,321.6
7,CF85061,Arizona,M,Master,721610.03,0.0,101.0,0,Corporate Auto,Four-Door Car,363.02968
8,DY87989,Oregon,M,Bachelor,2412750.4,14072.0,71.0,0,Corporate Auto,Four-Door Car,511.2
9,BQ94931,Oregon,F,College,738817.81,28812.0,93.0,0,Special Auto,Four-Door Car,425.527834
10,SX51350,California,M,College,473899.2,0.0,67.0,0,Personal Auto,Four-Door Car,482.4
11,VQ65197,California,F,College,819719.71,0.0,110.0,0,Personal Auto,SUV,528.0
12,DP39365,California,F,Master,879879.7,77026.0,110.0,2,Corporate Auto,Four-Door Car,472.029737
14,IL66569,California,F,College,538443.17,83689.0,70.0,2,Corporate Auto,Four-Door Car,307.139132
15,BW63560,Oregon,F,Bachelor,746313.94,24599.0,64.0,1,Corporate Auto,Four-Door Car,42.920271
16,FV94802,Nevada,F,High School or Below,256686.78,25049.0,67.0,0,Personal Auto,Two-Door Car,454.245098
17,OE15005,California,F,College,394524.16,28855.0,101.0,0,Personal Auto,SUV,647.442031
18,WC83389,Oregon,F,College,571033.31,51148.0,72.0,0,Personal Auto,Four-Door Car,308.981664
19,FL50705,California,F,High School or Below,816261.71,66140.0,101.0,0,Corporate Auto,Four-Door Car,484.8
20,ZK25313,Oregon,F,High School or Below,287205.13,57749.0,74.0,0,Personal Auto,Two-Door Car,355.2
21,QK46697,Washington,M,Bachelor,617710.93,61040.0,79.0,1,Personal Auto,Two-Door Car,20.382876
23,TZ98966,Nevada,F,Bachelor,245019.1,0.0,73.0,3,Corporate Auto,Four-Door Car,554.376763
24,HM55802,California,F,Bachelor,239210.79,17870.0,61.0,0,Corporate Auto,Four-Door Car,439.2
25,FS42516,Oregon,F,College,580206.6,97541.0,72.0,0,Personal Auto,Four-Door Car,389.185006
26,US89481,California,F,Bachelor,394637.21,0.0,111.0,0,Personal Auto,Four-Door Car,799.2
27,HS14476,Washington,M,College,916206.32,29723.0,80.0,0,Personal Auto,Four-Door Car,20.985105
28,GE62437,Arizona,F,College,1290256.01,86584.0,111.0,2,Personal Auto,Four-Door Car,532.8
29,EJ77678,Oregon,F,Master,323536.05,75690.0,80.0,1,Personal Auto,Four-Door Car,384.0
30,SV85652,Arizona,F,College,245458.35,23158.0,63.0,1,Personal Auto,Four-Door Car,322.294043
31,UL64533,Nevada,F,High School or Below,1897545.61,65999.0,237.0,0,Corporate Auto,Luxury,615.927769
32,PF41800,California,F,Bachelor,471532.13,0.0,65.0,0,Personal Auto,Four-Door Car,308.15089
33,HD95276,Washington,F,College,473787.17,0.0,130.0,0,Personal Auto,SUV,23.820158
34,SK67821,Oregon,F,Bachelor,493291.63,37260.0,62.0,0,Corporate Auto,Four-Door Car,15.437681
35,YV55495,Arizona,F,High School or Below,574422.97,68987.0,71.0,0,Personal Auto,Four-Door Car,204.475147
36,KY38074,California,F,Bachelor,1389173.57,42305.0,117.0,0,Personal Auto,Four-Door Car,561.6
37,DM79012,Oregon,F,Master,738097.67,65706.0,91.0,0,Personal Auto,Four-Door Car,436.8
38,CM61827,Oregon,F,Bachelor,309003.41,0.0,90.0,0,Personal Auto,Two-Door Car,648.0
39,WC35801,Arizona,F,High School or Below,252163.31,53243.0,66.0,2,Personal Auto,Four-Door Car,157.397849
40,QG25316,Nevada,F,High School or Below,265206.18,0.0,70.0,1,Corporate Auto,Two-Door Car,484.318536
41,MB98372,Oregon,F,College,277104.5,50071.0,71.0,0,Corporate Auto,Two-Door Car,18.918935
42,IL19217,California,F,Bachelor,393900.64,60021.0,99.0,0,Personal Auto,Four-Door Car,882.871945
43,SR38658,Arizona,F,High School or Below,1223187.97,43244.0,103.0,0,Personal Auto,Luxury,494.4
44,YD87931,Washington,M,Doctor,495165.61,46896.0,35354.0,1,Personal Auto,Four-Door Car,31.707317
45,HG65722,Oregon,F,Doctor,1281910.29,10105.0,172.0,3,Personal Auto,SUV,0.517753
46,BU27331,Arizona,F,Bachelor,446851.05,0.0,73.0,3,Personal Auto,Four-Door Car,579.165954
47,XM45289,Oregon,F,High School or Below,551434.4,23218.0,71.0,0,Personal Auto,Two-Door Car,447.79344
48,KP34198,California,F,Bachelor,334387.53,0.0,92.0,0,Corporate Auto,Four-Door Car,529.624084
49,SH90947,Arizona,F,High School or Below,229447.89,0.0,62.0,0,Personal Auto,Four-Door Car,313.023175
50,WE95729,Oregon,F,College,3670742.64,24804.0,104.0,0,Personal Auto,SUV,593.830288
51,PY51963,California,F,Bachelor,3347334.95,33190.0,106.0,0,Corporate Auto,SUV,508.8
52,RB69909,Nevada,F,High School or Below,798343.17,36014.0,69.0,3,Special Auto,Four-Door Car,173.956072
53,NW21079,Washington,F,Master,487938.48,67163.0,61.0,2,Personal Auto,Two-Door Car,33.192803
54,FR46645,California,F,Bachelor,429399.73,16701.0,113.0,0,Personal Auto,Four-Door Car,831.625979
56,AP67935,California,F,College,761951.58,64749.0,64.0,0,Special Auto,Four-Door Car,302.56519
58,ML29312,Oregon,F,High School or Below,449949.33,16969.0,124.0,2,Personal Auto,SUV,704.768111
59,UB61619,Oregon,F,Master,405956.74,11621.0,108.0,0,Personal Auto,Four-Door Car,518.4
60,CD86811,Arizona,F,Bachelor,445811.34,17622.0,65.0,1,Personal Auto,Four-Door Car,312.0
61,RU83859,California,F,Bachelor,811033.31,11489.0,105.0,0,Personal Auto,Two-Door Car,504.0
62,FG63582,Oregon,F,Bachelor,333976.49,0.0,94.0,0,Personal Auto,Two-Door Car,863.327324
63,NN71951,California,F,High School or Below,2426101.78,66525.0,100.0,0,Personal Auto,SUV,104.331355
64,WB37082,Arizona,F,Bachelor,661397.37,0.0,63.0,0,Personal Auto,Four-Door Car,676.391482
65,SM52139,Washington,F,College,293069.35,33663.0,73.0,0,Personal Auto,Four-Door Car,350.4
66,FL82372,Oregon,F,College,867219.43,22547.0,112.0,0,Corporate Auto,SUV,537.6
67,DP45816,Arizona,F,High School or Below,1163866.93,61486.0,97.0,0,Personal Auto,Two-Door Car,465.258644
68,GW33762,Oregon,F,Bachelor,684615.03,0.0,95.0,0,Personal Auto,Two-Door Car,456.0
69,RZ33670,California,F,College,1172777.65,29879.0,102.0,0,Personal Auto,Four-Door Car,500.254235
70,PY70169,Oregon,F,High School or Below,2264383.48,93011.0,113.0,0,Personal Auto,SUV,281.451042
71,MO91628,Oregon,F,Master,261447.43,65186.0,65.0,0,Personal Auto,Two-Door Car,5.434505
72,HW87852,Oregon,F,Master,245175.27,26840.0,64.0,2,Personal Auto,Four-Door Car,307.2
73,HB20453,Oregon,F,Bachelor,678127.02,0.0,104.0,1,Personal Auto,Luxury,982.399613
74,BN87372,Oregon,F,Bachelor,497480.15,75644.0,65.0,3,Personal Auto,Two-Door Car,467.803638
76,DZ87709,Oregon,F,High School or Below,559216.14,71811.0,71.0,0,Personal Auto,Four-Door Car,29.03416
78,SP81997,Washington,F,Master,793690.0,41275.0,96.0,0,Personal Auto,Four-Door Car,41.122303
79,OM82309,California,F,Bachelor,5816655.35,61321.0,186.0,1,Personal Auto,Luxury,427.63121
80,ZU35962,California,F,College,802522.94,0.0,77.0,0,Personal Auto,Two-Door Car,25.807685
81,VH85817,California,F,High School or Below,578018.22,51066.0,74.0,0,Personal Auto,Four-Door Car,787.993313
82,DT85712,California,F,Doctor,411853.91,34378.0,102.0,0,Personal Auto,SUV,489.6
83,YJ88573,Nevada,F,Master,252307.02,43072.0,63.0,0,Personal Auto,Four-Door Car,302.4
84,SQ19467,Oregon,F,College,655421.64,25222.0,90.0,0,Personal Auto,Four-Door Car,475.623251
85,YB66933,Washington,F,Bachelor,538275.2,77552.0,68.0,1,Corporate Auto,Four-Door Car,45.215059
86,ET79815,California,F,College,592672.94,23091.0,96.0,5,Personal Auto,Four-Door Car,460.8
87,QC35222,California,F,Bachelor,268347.07,48269.0,69.0,3,Corporate Auto,Four-Door Car,282.151207
89,OI48267,California,F,College,604702.52,20396.0,76.0,1,Personal Auto,Four-Door Car,364.8
90,JY67916,Oregon,F,College,1317101.28,21513.0,119.0,1,Personal Auto,Two-Door Car,679.827592
91,OW15518,Washington,F,College,1595001.95,0.0,87.0,1,Personal Auto,Two-Door Car,46.041452
92,CZ33664,Oregon,F,Bachelor,252765.38,80744.0,63.0,0,Corporate Auto,Four-Door Car,11.879037
93,WK30175,Oregon,F,Bachelor,267209.58,52822.0,67.0,0,Corporate Auto,Two-Door Car,350.529033
94,ON44465,California,F,High School or Below,531329.4,0.0,77.0,1,Personal Auto,Four-Door Car,863.3947
95,TV87155,Oregon,F,Bachelor,2094619.25,69738.0,74.0,1,Personal Auto,Four-Door Car,492.127532
96,KH48895,Arizona,F,Master,837535.39,17780.0,109.0,0,Personal Auto,SUV,132.588288
97,NZ30757,California,F,Bachelor,480166.15,18107.0,62.0,0,Personal Auto,Four-Door Car,297.6
98,RI22468,Arizona,F,Bachelor,574594.33,57740.0,74.0,3,Personal Auto,Four-Door Car,269.905129
99,FZ30935,Oregon,F,College,606611.6,32627.0,76.0,0,Personal Auto,Two-Door Car,380.036697
100,UG93476,California,F,College,800230.83,0.0,107.0,0,Personal Auto,SUV,513.6
101,AB96670,California,F,College,239391.54,0.0,70.0,0,Personal Auto,Four-Door Car,425.266308
102,XK64261,Oregon,F,Bachelor,476281.79,65795.0,62.0,1,Corporate Auto,Two-Door Car,49.011099
104,UN51653,California,F,High School or Below,940272.98,0.0,130.0,0,Personal Auto,SUV,936.0
105,TO96662,Oregon,F,Bachelor,696669.45,41837.0,88.0,0,Personal Auto,Four-Door Car,142.062768
106,MR52087,California,F,Bachelor,769406.43,32303.0,65.0,0,Personal Auto,Four-Door Car,45.152521
108,EP80820,California,F,Bachelor,592874.85,40531.0,74.0,0,Personal Auto,Two-Door Car,30.567357
109,GU99037,Oregon,F,College,245297.73,79898.0,62.0,1,Corporate Auto,Four-Door Car,271.606799
110,WI57118,California,F,College,670157.17,56398.0,85.0,0,Personal Auto,Four-Door Car,408.0
111,GP39118,Washington,M,High School or Below,499655.27,71600.0,63.0,0,Personal Auto,Two-Door Car,46.158117
112,MQ14219,Arizona,F,College,849269.88,27804.0,109.0,0,Personal Auto,SUV,784.8
113,KN20603,Oregon,F,Bachelor,771349.4,45506.0,66.0,2,Personal Auto,Four-Door Car,316.8
114,SG20925,Washington,F,Master,518579.76,99428.0,6464.0,1,Personal Auto,Four-Door Car,48.046869
116,VF72557,Oregon,F,High School or Below,477294.38,20993.0,133.0,0,Personal Auto,SUV,638.4
117,OX28638,Arizona,F,High School or Below,680649.14,37839.0,86.0,0,Personal Auto,Two-Door Car,465.633954
118,SK55033,California,F,Bachelor,246978.13,92711.0,62.0,0,Personal Auto,Two-Door Car,368.400146
119,OO88645,California,F,College,310392.3,74665.0,78.0,2,Corporate Auto,Four-Door Car,236.902001
120,FM14335,Washington,F,College,1048491.54,61108.0,89.0,0,Personal Auto,Four-Door Car,49.451117
121,CW82151,California,F,Bachelor,890273.76,46833.0,112.0,0,Personal Auto,Luxury,64.109663
122,DY22043,Oregon,F,High School or Below,549944.72,88768.0,68.0,0,Personal Auto,Two-Door Car,326.4
123,SH36774,California,F,High School or Below,1502359.86,28262.0,192.0,0,Personal Auto,Luxury,921.6
124,EM43724,Nevada,F,Bachelor,250910.79,33555.0,63.0,0,Personal Auto,Four-Door Car,101.89645
125,FH85960,Oregon,F,College,3122174.81,42780.0,113.0,1,Personal Auto,Four-Door Car,542.4
126,XA55993,Oregon,F,Master,313350.34,58850.0,78.0,0,Personal Auto,Four-Door Car,143.747794
127,GO36627,Arizona,F,College,383745.19,21880.0,97.0,0,Special Auto,Four-Door Car,424.077159
129,HS28694,Washington,F,High School or Below,282986.39,25317.0,71.0,0,Personal Auto,Two-Door Car,50.422181
130,UH65059,Arizona,F,High School or Below,430580.83,24188.0,109.0,0,Personal Auto,Luxury,523.2
131,FV21968,Nevada,F,Bachelor,597397.69,41611.0,74.0,0,Special Auto,Four-Door Car,113.801497
132,QA87025,Oregon,F,Bachelor,567044.24,28406.0,72.0,1,Personal Auto,Four-Door Car,192.87572
133,TQ13499,Arizona,F,College,473174.93,69833.0,118.0,0,Personal Auto,Four-Door Car,828.662719
135,MS41162,Arizona,F,High School or Below,402296.35,0.0,117.0,0,Personal Auto,SUV,975.107098
136,PU25891,Oregon,F,High School or Below,961831.09,80536.0,119.0,0,Special Auto,Luxury,53.798708
137,LH92841,Washington,F,Bachelor,725595.38,88891.0,89.0,0,Personal Auto,Four-Door Car,50.528355
138,SX26335,Oregon,F,College,955292.69,97732.0,79.0,0,Personal Auto,Four-Door Car,289.9122
139,AZ95587,Arizona,F,Bachelor,1038855.32,61222.0,89.0,0,Special Auto,Four-Door Car,392.604371
140,DS81757,Oregon,M,College,247012.12,0.0,74.0,0,Personal Auto,Two-Door Car,721.242206
141,OJ94107,Arizona,M,Master,561906.85,50335.0,140.0,0,Personal Auto,SUV,456.52385
142,LP84436,California,F,High School or Below,904711.92,0.0,127.0,0,Personal Auto,Luxury,1087.995426
143,FF22360,Washington,F,Doctor,268731.41,82210.0,68.0,4,Personal Auto,Four-Door Car,51.961915
145,ZU18643,Nevada,M,Bachelor,366077.03,64495.0,92.0,0,Corporate Auto,Four-Door Car,251.992083
146,AZ82578,California,F,College,792882.93,0.0,72.0,0,Corporate Auto,Four-Door Car,345.6
148,YC43143,Arizona,F,High School or Below,798825.83,77330.0,99.0,0,Personal Auto,Four-Door Car,99.257608
150,PA38372,Washington,F,High School or Below,935773.78,33060.0,117.0,0,Personal Auto,Four-Door Car,56.731578
151,RO18530,Washington,M,Master,254068.98,42557.0,65.0,0,Personal Auto,Four-Door Car,57.562324
152,PD27940,Arizona,M,High School or Below,488516.25,26372.0,126.0,0,Personal Auto,SUV,604.8
153,BS77946,Arizona,F,Bachelor,975330.71,17514.0,127.0,0,Personal Auto,SUV,8.312729
154,YM50253,California,Femal,Bachelor,294615.37,89270.0,74.0,0,Personal Auto,Four-Door Car,316.599228
156,RC62865,Oregon,M,College,351738.58,51814.0,92.0,0,Personal Auto,Four-Door Car,56.300724
157,CC15295,Oregon,F,Bachelor,974335.01,24028.0,82.0,0,Personal Auto,Four-Door Car,393.6
158,KA61892,Arizona,M,College,387364.7,28142.0,105.0,0,Personal Auto,Luxury,701.708239
159,OS94884,Arizona,F,Bachelor,764928.2,52705.0,64.0,1,Personal Auto,Two-Door Car,128.705563
160,ND87334,California,M,High School or Below,228759.69,0.0,63.0,0,Corporate Auto,Two-Door Car,679.368378
161,OY51402,Washington,F,High School or Below,825576.39,54040.0,103.0,0,Personal Auto,SUV,59.987126
162,YL74911,California,F,College,871492.21,0.0,118.0,0,Personal Auto,SUV,566.4
163,GK92563,Washington,F,Doctor,681923.12,22492.0,85.0,0,Personal Auto,Two-Door Car,61.654262
164,HL53154,California,M,Bachelor,741619.73,0.0,77.0,2,Personal Auto,Four-Door Car,554.4
165,RI78966,Oregon,M,Master,777115.9,21876.0,68.0,0,Personal Auto,Four-Door Car,465.41477
166,IC13702,California,F,Bachelor,696834.19,0.0,69.0,1,Personal Auto,Four-Door Car,496.8
167,BE10809,California,F,High School or Below,425028.26,0.0,61.0,1,Personal Auto,Four-Door Car,292.8
168,HT87217,Oregon,F,High School or Below,1977656.65,70699.0,82.0,0,Personal Auto,Four-Door Car,256.813837
170,TS19868,California,M,College,241313.97,27501.0,63.0,0,Personal Auto,Four-Door Car,542.319401
171,LP45550,Oregon,F,Doctor,1536384.72,15897.0,101.0,0,Personal Auto,Four-Door Car,303.148399
172,QR87004,Nevada,F,College,845696.19,25141.0,73.0,1,Personal Auto,Four-Door Car,25.438063
175,AB72731,California,F,Bachelor,463998.16,28358.0,117.0,0,Personal Auto,Luxury,84.024413
176,GX84338,Washington,F,Doctor,382443.13,62530.0,95.0,0,Personal Auto,Four-Door Car,61.693771
177,IS12901,Arizona,F,Bachelor,596811.89,90972.0,74.0,0,Personal Auto,Two-Door Car,232.926145
178,BN90616,Washington,F,Bachelor,859033.5,63110.0,72.0,0,Personal Auto,Four-Door Car,68.179721
179,HH90090,California,F,Bachelor,407663.47,29549.0,104.0,0,Personal Auto,Luxury,710.433775
180,IU25463,California,F,Bachelor,1225260.18,0.0,115.0,1,Personal Auto,Four-Door Car,552.0
181,KC11055,Nevada,F,Bachelor,1693627.15,39411.0,217.0,2,Personal Auto,Luxury,1122.658899
182,PD33979,Oregon,M,High School or Below,489243.55,21709.0,62.0,0,Personal Auto,Four-Door Car,408.374746
184,AB13432,California,M,Bachelor,373583.81,0.0,110.0,0,Personal Auto,SUV,792.0
186,UF46533,California,F,College,457452.41,99316.0,114.0,0,Corporate Auto,SUV,754.358929
187,XP47431,Arizona,F,Bachelor,547006.06,54507.0,138.0,0,Personal Auto,SUV,702.990032
188,GK73582,California,F,Bachelor,297884.6,64586.0,76.0,0,Personal Auto,Four-Door Car,206.837111
189,RV98763,Oregon,M,College,641096.75,61709.0,82.0,2,Personal Auto,Four-Door Car,275.395894
190,II62831,California,M,Master,447902.31,94656.0,111.0,1,Special Auto,SUV,459.738128
192,TR85083,California,M,Bachelor,276449.37,61085.0,70.0,1,Personal Auto,Two-Door Car,336.0
195,YL83902,Washington,F,Bachelor,327419.46,31686.0,81.0,0,Personal Auto,Four-Door Car,430.994107
196,AZ62651,Oregon,M,High School or Below,995170.77,56855.0,255.0,0,Corporate Auto,Luxury,1836.0
197,ZW25874,Oregon,M,Bachelor,252155.57,53703.0,67.0,2,Special Auto,Four-Door Car,67.632476
198,EH41854,Washington,F,High School or Below,2370611.34,0.0,96.0,1,Personal Auto,Two-Door Car,844.481918
200,SL22297,California,F,Master,1114030.25,27679.0,150.0,0,Personal Auto,SUV,722.486994
201,RV14138,Nevada,F,Bachelor,433406.41,23904.0,123.0,3,Personal Auto,SUV,590.4
202,UO62808,Arizona,F,High School or Below,279974.79,65351.0,69.0,0,Corporate Auto,Four-Door Car,481.027516
203,ZX64745,California,M,College,792313.66,0.0,113.0,0,Personal Auto,SUV,1124.427734
204,FL34139,California,M,High School or Below,368811.09,0.0,63.0,3,Personal Auto,Four-Door Car,669.682001
205,TS11219,California,M,College,1206745.6,0.0,116.0,0,Personal Auto,SUV,1284.093173
206,XX12304,California,F,College,292497.67,64459.0,72.0,0,Personal Auto,Four-Door Car,240.259479
207,SD64087,California,M,College,1501409.27,32961.0,190.0,0,Corporate Auto,SUV,912.0
208,OY38576,Oregon,F,High School or Below,927723.38,71416.0,116.0,0,Corporate Auto,SUV,556.8
209,BG76355,Washington,F,Bachelor,627412.39,68964.0,78.0,0,Personal Auto,Four-Door Car,115.086827
210,IP66913,California,M,High School or Below,388664.74,78108.0,98.0,0,Personal Auto,Two-Door Car,470.4
212,KX54357,Washington,M,College,1136526.77,84910.0,95.0,0,Corporate Auto,Two-Door Car,383.167471
213,EZ78112,California,Femal,High School or Below,561096.43,77493.0,70.0,0,Special Auto,Four-Door Car,307.963291
215,XK31350,Oregon,Femal,College,691572.99,96610.0,85.0,0,Corporate Auto,Four-Door Car,520.364752
216,CC30924,Oregon,M,College,626266.33,30110.0,159.0,0,Corporate Auto,Luxury,466.436375
217,IT78748,Oregon,Femal,High School or Below,650339.7,22081.0,84.0,0,Special Auto,Two-Door Car,451.670309
221,DE21533,California,M,Bachelor,547315.99,93870.0,69.0,0,Personal Auto,Four-Door Car,331.2
222,YS94121,Nevada,M,High School or Below,564539.67,50366.0,72.0,0,Personal Auto,Four-Door Car,428.734656
223,UK68427,Washington,M,High School or Below,636926.24,34498.0,83.0,0,Personal Auto,Two-Door Car,398.4
225,RA88421,Oregon,Femal,College,612110.79,26787.0,77.0,0,Personal Auto,Four-Door Car,369.6
226,KQ51983,Nevada,M,College,515936.97,0.0,74.0,0,Personal Auto,Two-Door Car,831.752839
227,CD88896,Nevada,Femal,High School or Below,251459.2,43860.0,65.0,0,Corporate Auto,Four-Door Car,156.124914
228,YV22553,Arizona,M,High School or Below,866861.13,21474.0,114.0,2,Corporate Auto,SUV,373.428187
229,WU14435,California,M,Bachelor,496096.54,18174.0,66.0,0,Corporate Auto,Four-Door Car,395.934815
231,RI24911,Arizona,Male,College,750745.54,60920.0,64.0,0,Personal Auto,Two-Door Car,231.201886
232,KO26461,Arizona,Male,High School or Below,3226985.14,41520.0,90.0,0,Personal Auto,Four-Door Car,289.904105
233,HI14283,Oregon,Femal,Bachelor,565703.16,0.0,152.0,0,Personal Auto,SUV,729.6
236,TX17484,California,Femal,Bachelor,1518227.98,53863.0,63.0,0,Personal Auto,Four-Door Car,105.765111
237,CT41158,Washington,Male,College,1074703.09,66446.0,136.0,0,Corporate Auto,SUV,639.464548
239,DE55857,Washington,Femal,Bachelor,246544.49,64997.0,63.0,1,Personal Auto,Four-Door Car,383.442328
241,CN24514,Arizona,Femal,College,811982.91,46618.0,67.0,0,Personal Auto,Four-Door Car,99.085943
243,HP36979,California,Male,College,640878.56,49988.0,84.0,5,Personal Auto,Two-Door Car,566.935022
245,RO73268,California,M,Bachelor,321107.0,16269.0,86.0,0,Corporate Auto,Two-Door Car,412.8
247,BS13062,Arizona,F,High School or Below,2575527.82,0.0,81.0,2,Personal Auto,Four-Door Car,388.8
248,FO35655,Oregon,M,Bachelor,867222.97,0.0,245.0,0,Corporate Auto,Luxury,2345.413441
250,IA63417,Arizona,F,High School or Below,400151.91,19782.0,108.0,0,Personal Auto,Two-Door Car,773.470977
251,BH35016,Nevada,F,Bachelor,1670611.7,63933.0,70.0,0,Personal Auto,Two-Door Car,424.883448
254,IL28481,Oregon,M,Bachelor,611275.69,63243.0,77.0,0,Personal Auto,Four-Door Car,364.240307
256,UF33451,Oregon,F,Bachelor,1097909.56,94827.0,135.0,0,Personal Auto,SUV,354.729129
257,CF15558,California,F,Master,500426.38,39161.0,63.0,1,Personal Auto,Two-Door Car,283.995953
258,JM62924,Washington,M,Bachelor,1322304.38,37534.0,84.0,2,Personal Auto,Four-Door Car,403.2
259,EM66435,Oregon,F,Bachelor,262331.54,80210.0,65.0,0,Corporate Auto,Four-Door Car,20.543176
260,QX45933,California,M,Bachelor,1784019.56,0.0,62.0,0,Personal Auto,Four-Door Car,385.115437
261,JI71369,California,F,College,510611.18,30110.0,64.0,0,Personal Auto,Four-Door Car,140.165035
265,LW93867,Oregon,M,College,481252.52,16531.0,63.0,0,Corporate Auto,Four-Door Car,102.879769
266,OU78470,Arizona,F,Master,2932804.19,32006.0,94.0,0,Corporate Auto,Four-Door Car,56.868289
267,XW90265,Arizona,F,Bachelor,577352.07,81676.0,72.0,0,Personal Auto,Two-Door Car,463.158502
268,HS67749,California,M,College,684711.89,71038.0,86.0,0,Corporate Auto,Four-Door Car,205.444066
269,VZ51506,Arizona,F,High School or Below,359531.29,0.0,103.0,0,Corporate Auto,Luxury,741.6
270,UI64281,Nevada,F,Master,2285561.21,20832.0,65.0,0,Personal Auto,Two-Door Car,56.371967
271,AE98193,Washington,M,High School or Below,785941.46,0.0,113.0,0,Personal Auto,SUV,813.6
273,XS76911,Arizona,F,High School or Below,502963.88,0.0,133.0,0,Personal Auto,Luxury,795.864079
274,AY40674,Washington,F,Bachelor,482141.85,26583.0,1005.0,4,Personal Auto,SUV,614.4
275,NA12740,Oregon,M,Master,500431.05,25486.0,65.0,0,Special Auto,Two-Door Car,72.438681
277,DJ51510,Arizona,F,High School or Below,932208.51,70435.0,116.0,0,Personal Auto,Four-Door Car,67.881546
278,VM58985,California,M,College,1672756.06,0.0,76.0,2,Personal Auto,Two-Door Car,402.636829
279,OH60605,Oregon,F,High School or Below,365253.24,39679.0,92.0,0,Personal Auto,Two-Door Car,641.388616
280,UO98052,Nevada,M,College,615860.12,0.0,89.0,0,Personal Auto,Four-Door Car,342.481173
282,LQ13873,Nevada,M,High School or Below,556945.62,53565.0,71.0,1,Personal Auto,Four-Door Car,340.8
283,LA97014,Washington,M,Bachelor,257651.3,37574.0,66.0,1,Personal Auto,Two-Door Car,412.101933
284,NB79936,Washington,M,Bachelor,834698.32,48259.0,108.0,0,Personal Auto,Two-Door Car,73.700573
285,NT89061,Arizona,F,High School or Below,632392.39,78532.0,78.0,0,Personal Auto,Four-Door Car,374.4
288,JQ59145,California,Male,High School or Below,809341.03,0.0,114.0,1,Personal Auto,Luxury,722.024742
289,FE84989,Washington,Male,College,503574.46,72672.0,63.0,0,Personal Auto,Four-Door Car,259.361117
291,MC62068,California,Male,High School or Below,728888.48,79494.0,91.0,0,Personal Auto,Four-Door Car,396.295614
292,EU27538,Oregon,Male,Master,1804247.94,35704.0,225.0,0,Personal Auto,Luxury,358.281562
293,RH42306,Arizona,F,Bachelor,499206.3,0.0,71.0,0,Corporate Auto,Four-Door Car,653.388564
294,US23612,Oregon,F,High School or Below,910226.78,26049.0,118.0,0,Personal Auto,Two-Door Car,121.032372
295,WV76014,Arizona,Male,Doctor,254040.77,70125.0,64.0,0,Special Auto,Four-Door Car,92.813396
297,MF82000,Washington,female,Bachelor,236534.86,0.0,66.0,2,Special Auto,Four-Door Car,159.636956
298,FM46980,Arizona,Male,College,572076.51,41770.0,72.0,0,Personal Auto,Four-Door Car,476.156957
299,SY56792,Oregon,Male,High School or Below,703553.41,0.0,101.0,0,Corporate Auto,Four-Door Car,727.2
301,IM94808,Nevada,M,Bachelor,539583.2,70051.0,68.0,0,Corporate Auto,Four-Door Car,42.078345
303,YR34119,Washington,F,College,3116174.52,30916.0,112.0,0,Personal Auto,SUV,200.11606
304,RR77985,Oregon,F,Bachelor,288774.23,0.0,80.0,0,Personal Auto,Four-Door Car,676.944023
305,QD28391,Washington,M,College,742584.53,84302.0,62.0,0,Personal Auto,Four-Door Car,76.609295
306,WV17090,California,M,Bachelor,2558572.78,0.0,116.0,0,Corporate Auto,SUV,830.623064
307,TM23514,Oregon,M,College,1027260.82,60145.0,132.0,0,Personal Auto,SUV,580.473259
308,MQ68407,Oregon,F,Bachelor,437636.36,63774.0,111.0,0,Personal Auto,Four-Door Car,60.036683
310,FY56083,Oregon,M,Bachelor,471976.22,37057.0,61.0,1,Personal Auto,Four-Door Car,47.53101
311,UA94723,Oregon,F,High School or Below,442803.16,58577.0,110.0,0,Personal Auto,SUV,303.872752
312,FW91032,California,M,High School or Below,587917.61,85857.0,73.0,0,Corporate Auto,Four-Door Car,100.620067
313,DE34457,Oregon,F,Doctor,941690.85,70602.0,116.0,0,Personal Auto,SUV,481.339891
315,HH30454,Oregon,M,Bachelor,3265483.83,0.0,153.0,0,Personal Auto,SUV,1101.6
316,AH84063,Oregon,F,College,471945.01,89642.0,121.0,4,Corporate Auto,SUV,86.320022
318,XI41052,California,F,Bachelor,545725.97,50044.0,139.0,0,Personal Auto,SUV,667.2
319,DI30528,California,F,Master,272535.64,36650.0,69.0,1,Personal Auto,Four-Door Car,56.60333
320,SC66359,Arizona,F,College,443397.37,50653.0,110.0,0,Corporate Auto,SUV,262.865172
321,EN61670,Arizona,F,Doctor,533246.27,68931.0,66.0,0,Personal Auto,Four-Door Car,309.577946
323,BQ51587,California,F,College,541195.37,0.0,73.0,0,Personal Auto,Four-Door Car,365.364581
326,ZA64638,Nevada,F,High School or Below,976494.53,0.0,98.0,1,Personal Auto,Four-Door Car,705.6
327,EW38459,Nevada,F,Bachelor,256715.15,40864.0,65.0,0,Corporate Auto,Four-Door Car,9.51528
328,QW87316,Oregon,F,College,265062.28,39035.0,68.0,0,Personal Auto,Four-Door Car,244.564334
329,IC43478,California,M,Bachelor,1126436.33,34923.0,98.0,0,Personal Auto,Two-Door Car,639.105556
330,TE34064,California,M,High School or Below,216852.35,0.0,63.0,0,Personal Auto,Four-Door Car,453.6
333,PD55753,Oregon,M,High School or Below,893013.97,0.0,82.0,0,Personal Auto,Four-Door Car,554.522969
335,MJ69973,Arizona,M,High School or Below,284085.43,0.0,74.0,0,Personal Auto,Two-Door Car,402.449823
336,TW43626,California,M,College,808288.1,53554.0,67.0,0,Personal Auto,Four-Door Car,327.020539
337,XX84133,California,M,Bachelor,525473.43,34476.0,67.0,1,Corporate Auto,Four-Door Car,5.3953
338,ZW84453,Arizona,F,Bachelor,511623.76,0.0,70.0,0,Personal Auto,Four-Door Car,131.401291
339,HO29524,California,M,College,303464.7,68205.0,76.0,0,Personal Auto,Two-Door Car,99.382943
340,VE89726,California,female,High School or Below,802489.99,0.0,119.0,1,Personal Auto,SUV,856.8
341,GE87503,California,M,High School or Below,1821114.32,53690.0,154.0,0,Personal Auto,SUV,739.2
347,NM39588,Washington,F,Doctor,267805.83,72450.0,66.0,0,Corporate Auto,Four-Door Car,84.218363
348,KU84464,Nevada,female,Bachelor,942256.79,47272.0,79.0,3,Personal Auto,Four-Door Car,64.546877
349,YH43527,Oregon,female,College,360586.03,21585.0,92.0,0,Corporate Auto,Four-Door Car,441.6
350,RO30676,California,female,College,776259.06,23827.0,106.0,2,Personal Auto,Four-Door Car,37.910623
351,QL59704,Arizona,female,College,2344490.05,69906.0,74.0,2,Corporate Auto,Four-Door Car,202.860399
353,SA54664,Washington,M,Master,265438.1,73196.0,66.0,1,Personal Auto,Four-Door Car,85.809817
354,CI38330,Washington,M,Bachelor,254978.61,72217.0,6464.0,0,Personal Auto,Four-Door Car,91.146661
356,CE56187,Oregon,female,Master,436312.46,54514.0,109.0,3,Personal Auto,SUV,286.234931
357,JL19416,California,female,High School or Below,588430.86,0.0,161.0,0,Personal Auto,SUV,1159.2
359,LA13377,California,M,Doctor,550989.57,78879.0,69.0,1,Personal Auto,Four-Door Car,466.570791
362,RO26085,California,female,Bachelor,1210120.88,0.0,112.0,0,Personal Auto,Luxury,1252.406235
365,RN97635,Arizona,M,Bachelor,321497.94,53984.0,80.0,0,Corporate Auto,Four-Door Car,421.484456
366,BI76326,California,female,College,1227534.31,52135.0,156.0,0,Personal Auto,SUV,430.505942
367,JA34909,California,female,College,272221.07,17576.0,71.0,0,Corporate Auto,Four-Door Car,398.502948
368,OJ90342,Oregon,female,Bachelor,245744.09,29486.0,62.0,0,Personal Auto,Four-Door Car,7.646763
369,CM88932,Oregon,female,Master,355484.53,58557.0,88.0,0,Corporate Auto,Four-Door Car,55.510526
370,JJ97525,California,M,Bachelor,492954.97,25632.0,63.0,0,Personal Auto,Two-Door Car,351.270869
371,XV21647,California,female,High School or Below,803645.03,0.0,112.0,0,Personal Auto,Luxury,806.4
372,MC83487,Arizona,M,Bachelor,427691.53,18768.0,68.0,3,Corporate Auto,Four-Door Car,647.454583
374,CR57148,Oregon,female,Master,596058.14,47945.0,74.0,0,Personal Auto,Two-Door Car,128.43823
375,CP85232,Arizona,M,College,4479546.94,58778.0,126.0,0,Special Auto,SUV,302.033971
376,YL74732,California,female,High School or Below,383211.81,15192.0,100.0,0,Personal Auto,SUV,480.0
377,FG16766,California,female,Bachelor,683793.26,51859.0,171.0,0,Personal Auto,SUV,1003.160633
379,RM10880,California,female,College,309651.12,21604.0,79.0,0,Corporate Auto,Four-Door Car,379.2
380,GL56175,Arizona,M,College,358971.07,79298.0,90.0,0,Personal Auto,Four-Door Car,244.362072
381,UK52289,Arizona,female,Bachelor,258240.85,76731.0,64.0,0,Special Auto,Four-Door Car,201.455005
382,OT85112,Washington,M,College,340391.94,38460.0,88.0,1,Personal Auto,Four-Door Car,91.55098
384,TI19722,Washington,M,Doctor,343613.43,30817.0,88.0,0,Corporate Auto,Four-Door Car,91.834668
385,JP30654,Oregon,F,College,2868582.79,48412.0,104.0,0,Personal Auto,SUV,707.430832
386,UM45563,Washington,M,Bachelor,450267.97,68798.0,114.0,0,Personal Auto,SUV,92.915251
387,EN60878,Oregon,M,Bachelor,618311.15,23712.0,85.0,0,Personal Auto,Four-Door Car,376.126419
389,BK59444,California,F,Master,1892933.06,72196.0,68.0,0,Personal Auto,Four-Door Car,152.184244
390,MK70700,California,M,Master,555329.58,68197.0,69.0,0,Personal Auto,Four-Door Car,176.819414
391,IW71076,California,M,Bachelor,501125.92,75248.0,63.0,0,Corporate Auto,Four-Door Car,104.454624
392,AP98768,California,F,College,1044244.63,0.0,98.0,0,Personal Auto,Four-Door Car,941.718054
393,OM24164,Nevada,M,Bachelor,219961.78,0.0,65.0,1,Personal Auto,Two-Door Car,468.0
394,HR85211,Washington,female,Master,512317.09,89879.0,63.0,0,Personal Auto,Two-Door Car,94.030308
396,ZM92052,Oregon,M,Bachelor,261302.31,57099.0,67.0,0,Personal Auto,Two-Door Car,67.859881
397,ON73702,Arizona,F,Bachelor,908063.97,33897.0,114.0,0,Corporate Auto,SUV,539.843003
400,YP47665,Washington,M,Doctor,540891.15,80192.0,67.0,0,Personal Auto,Four-Door Car,95.193157
401,FU99476,Washington,M,High School or Below,677030.68,74422.0,85.0,1,Personal Auto,Four-Door Car,95.338505
402,AG85615,Oregon,M,College,2414387.56,0.0,87.0,0,Special Auto,Four-Door Car,626.4
404,DJ91267,Nevada,F,Bachelor,2909123.94,34226.0,244.0,0,Personal Auto,Luxury,494.395024
405,KB72438,California,F,High School or Below,1983420.12,65989.0,123.0,1,Personal Auto,SUV,115.545086
406,TR67616,Oregon,M,High School or Below,473136.7,30686.0,61.0,0,Corporate Auto,Four-Door Car,19.938981
407,GF65731,California,F,Master,3553784.6,0.0,113.0,0,Personal Auto,Luxury,799.926741
409,DP84567,California,M,High School or Below,2021630.88,0.0,183.0,0,Personal Auto,Luxury,878.4
410,VV77534,Oregon,M,College,1397651.93,77094.0,176.0,0,Personal Auto,SUV,444.470676
411,GL67540,California,F,College,590408.82,97413.0,73.0,0,Personal Auto,Four-Door Car,268.819985
416,AX86150,Washington,M,High School or Below,265671.31,62777.0,67.0,0,Personal Auto,Two-Door Car,101.288069
418,EM29359,Nevada,Male,College,712659.65,17483.0,183.0,0,Personal Auto,Luxury,1317.6
419,SF57173,Oregon,Male,Master,460163.41,84394.0,114.0,0,Personal Auto,SUV,691.412378
420,OT47603,Oregon,Male,College,915523.97,0.0,127.0,0,Personal Auto,Luxury,804.811859
422,JS36322,Arizona,Male,High School or Below,890167.84,0.0,136.0,1,Personal Auto,Luxury,1090.86434
423,RE81445,Oregon,F,College,573459.82,98132.0,71.0,0,Personal Auto,Two-Door Car,50.587035
425,LC25393,California,Male,Bachelor,2777628.91,88220.0,230.0,0,Personal Auto,Luxury,151.528482
426,UX38930,Arizona,F,Master,1036434.75,58327.0,129.0,0,Personal Auto,SUV,347.075948
427,HD95496,Oregon,Male,Master,785190.14,25950.0,66.0,0,Personal Auto,Two-Door Car,271.697529
429,DW19309,Oregon,Male,High School or Below,1422650.49,65726.0,177.0,0,Corporate Auto,SUV,849.6
430,MT41386,Washington,M,Bachelor,287543.24,84768.0,72.0,0,Personal Auto,Two-Door Car,110.484661
431,WZ40465,Washington,F,Bachelor,504129.96,36234.0,63.0,0,Personal Auto,Four-Door Car,113.534474
433,JB50798,Oregon,F,Master,962452.44,25629.0,124.0,2,Corporate Auto,Luxury,595.2
434,IP69763,Washington,F,College,2191440.55,77311.0,181.0,0,Personal Auto,SUV,113.609508
435,TE35785,California,Male,Doctor,694842.22,0.0,196.0,2,Personal Auto,Luxury,1337.063487
436,HX74855,Washington,M,High School or Below,247152.84,95697.0,61.0,0,Personal Auto,Two-Door Car,114.273025
437,QN65180,Oregon,F,Bachelor,2190391.36,22254.0,79.0,0,Personal Auto,Four-Door Car,125.194389
438,GE47180,Nevada,Male,High School or Below,902882.14,65974.0,113.0,0,Personal Auto,Luxury,235.220971
439,VQ38776,Oregon,F,College,530375.95,0.0,76.0,0,Personal Auto,Four-Door Car,395.34111
440,BH86846,Washington,M,High School or Below,2070825.88,92079.0,65.0,1,Corporate Auto,Four-Door Car,114.798771
441,IN17648,Nevada,Male,High School or Below,512376.81,0.0,74.0,0,Personal Auto,Two-Door Car,772.798511
442,DF95759,Oregon,Male,College,949234.3,0.0,132.0,0,Personal Auto,SUV,633.6
444,MN61620,Arizona,F,College,987729.57,67752.0,131.0,4,Personal Auto,Luxury,168.517149
448,NL93182,Nevada,M,Bachelor,254945.0,0.0,78.0,0,Corporate Auto,Four-Door Car,845.654042
449,LN31673,Washington,F,College,1131808.98,38923.0,99.0,2,Personal Auto,Four-Door Car,115.728852
450,WE68644,Oregon,F,Bachelor,380392.18,20325.0,100.0,0,Personal Auto,Luxury,668.29397
451,EZ30498,Oregon,M,Bachelor,863540.35,13129.0,117.0,0,Personal Auto,SUV,700.901632
452,QY74517,Oregon,F,High School or Below,551055.9,0.0,73.0,0,Personal Auto,Four-Door Car,525.6
453,NM88660,Nevada,M,Master,358588.41,49080.0,91.0,0,Corporate Auto,Four-Door Car,25.299
454,MZ82036,Nevada,M,College,488925.28,42536.0,63.0,0,Personal Auto,Four-Door Car,375.330097
455,ID20929,Oregon,M,Bachelor,275694.17,29926.0,74.0,0,Corporate Auto,Four-Door Car,418.233667
456,EY50028,Nevada,M,Doctor,328954.74,0.0,86.0,0,Corporate Auto,Two-Door Car,398.240791
457,TT82373,California,F,Bachelor,1093717.85,21450.0,138.0,0,Personal Auto,Luxury,938.513425
458,OH64088,California,M,High School or Below,737556.79,33345.0,65.0,0,Corporate Auto,Four-Door Car,338.619869
459,SK97780,California,F,Bachelor,1011077.82,15752.0,90.0,0,Corporate Auto,Two-Door Car,339.344531
460,IO33050,Oregon,F,High School or Below,511941.43,40169.0,65.0,1,Personal Auto,Four-Door Car,302.818833
461,XA55917,California,F,College,853383.2,26049.0,113.0,1,Personal Auto,SUV,619.165344
463,RQ19236,Arizona,M,Doctor,804280.38,55411.0,100.0,0,Personal Auto,Luxury,259.561195
466,XH97711,California,M,Bachelor,243050.66,83140.0,61.0,0,Corporate Auto,Four-Door Car,179.161843
467,AU96286,Oregon,F,Bachelor,316765.84,0.0,92.0,0,Corporate Auto,Four-Door Car,662.4
468,KC17170,Arizona,F,Bachelor,546560.4,54422.0,68.0,0,Corporate Auto,Four-Door Car,75.501852
469,ZN47335,California,M,College,1035751.42,68309.0,131.0,0,Corporate Auto,SUV,306.983596
470,EI46264,California,M,High School or Below,253781.39,56621.0,65.0,2,Personal Auto,Four-Door Car,84.026848
471,EK87864,Arizona,F,College,282194.72,38977.0,70.0,0,Special Auto,Four-Door Car,139.489926
472,GV45403,Arizona,M,Bachelor,775712.81,0.0,111.0,0,Corporate Auto,Two-Door Car,607.4459
473,QK31192,Arizona,M,High School or Below,407913.27,0.0,114.0,0,Corporate Auto,Two-Door Car,631.124372
474,LU89008,Arizona,F,College,595554.46,0.0,83.0,0,Personal Auto,Four-Door Car,628.023494
476,KL98495,Nevada,M,College,848723.8,0.0,74.0,0,Personal Auto,Two-Door Car,426.655599
477,IU96845,Arizona,M,College,628547.69,32390.0,80.0,0,Personal Auto,Four-Door Car,91.417923
478,QL93655,Oregon,F,High School or Below,1147348.15,66538.0,95.0,0,Personal Auto,Two-Door Car,317.844812
479,PF40592,Washington,F,College,494263.06,23285.0,65.0,0,Personal Auto,Two-Door Car,118.446235
480,LZ34046,Oregon,M,Bachelor,2359468.02,76358.0,66.0,0,Personal Auto,Four-Door Car,86.461582
481,JC80093,Washington,M,Master,257250.66,21104.0,66.0,0,Personal Auto,Four-Door Car,118.454974
483,YC80498,California,F,College,477055.09,12964.0,65.0,0,Personal Auto,Two-Door Car,362.774545
484,AI85843,Arizona,F,Master,675665.14,33288.0,86.0,2,Personal Auto,Four-Door Car,221.856184
485,XD66024,Arizona,F,College,593601.18,0.0,84.0,0,Personal Auto,Four-Door Car,980.169081
486,FY51713,Arizona,F,Bachelor,357076.05,56168.0,88.0,0,Personal Auto,Four-Door Car,614.675906
489,KY14688,Oregon,F,Master,273031.38,36218.0,68.0,0,Personal Auto,Four-Door Car,145.252168
490,TC97762,California,F,High School or Below,498268.14,52275.0,62.0,0,Corporate Auto,Four-Door Car,374.240783
493,SM73248,Arizona,M,High School or Below,1153750.51,0.0,86.0,1,Corporate Auto,Two-Door Car,619.2
494,CK19789,California,F,Master,588718.2,62773.0,73.0,0,Personal Auto,Four-Door Car,80.669257
496,JC11405,Oregon,M,High School or Below,1096395.72,55687.0,276.0,0,Personal Auto,Luxury,1324.8
499,UQ87917,Oregon,M,High School or Below,1294173.35,77060.0,106.0,0,Personal Auto,SUV,468.566133
500,XN11823,Nevada,F,Bachelor,376446.51,92600.0,94.0,0,Corporate Auto,Two-Door Car,842.43785
501,OS46571,California,M,High School or Below,688955.7,0.0,66.0,0,Personal Auto,Four-Door Car,475.2
502,PX17116,Nevada,M,College,362345.42,0.0,111.0,2,Corporate Auto,SUV,1171.93117
503,RP19541,Arizona,M,College,758211.38,64801.0,64.0,0,Personal Auto,Four-Door Car,268.471802
506,JY27336,Oregon,F,College,820538.79,85840.0,102.0,2,Corporate Auto,SUV,138.722385
508,SV38190,Nevada,F,Bachelor,648152.66,30689.0,81.0,0,Personal Auto,Four-Door Car,467.24802
509,CV24005,Oregon,M,High School or Below,259931.09,29590.0,66.0,0,Corporate Auto,Two-Door Car,467.503236
510,EX28656,Oregon,F,College,983033.76,25965.0,253.0,0,Personal Auto,Luxury,1214.4
512,GM16780,Oregon,M,College,3605753.7,90330.0,137.0,3,Corporate Auto,Luxury,192.085299
513,BX94438,California,F,High School or Below,847003.68,0.0,113.0,0,Corporate Auto,SUV,619.973889
514,RM41745,California,F,High School or Below,827878.65,0.0,110.0,0,Personal Auto,Four-Door Car,1002.782553
517,SG81493,Arizona,M,Bachelor,444373.62,46384.0,113.0,0,Corporate Auto,Four-Door Car,251.774574
518,ZX23819,Oregon,F,High School or Below,798408.65,0.0,72.0,0,Personal Auto,Two-Door Car,866.208321
519,FJ54907,Oregon,F,College,718097.1,42303.0,180.0,0,Personal Auto,Luxury,1210.920949
520,CU26127,California,F,Bachelor,1565603.43,71731.0,130.0,0,Corporate Auto,SUV,599.648466
522,ZZ97035,California,M,College,2071494.04,0.0,203.0,0,Corporate Auto,Luxury,2027.724442
524,KY21873,Arizona,M,College,505082.62,0.0,69.0,0,Personal Auto,Two-Door Car,72.852047
525,UA51318,Arizona,F,High School or Below,511662.4,26173.0,68.0,1,Corporate Auto,Four-Door Car,449.819671
530,SL35268,Arizona,Male,College,545386.12,30855.0,68.0,0,Corporate Auto,Four-Door Car,259.060862
534,VP57424,Nevada,F,Bachelor,699700.86,55873.0,88.0,0,Personal Auto,Four-Door Car,299.356083
535,VU19243,Arizona,F,High School or Below,419625.77,18052.0,111.0,0,Personal Auto,Four-Door Car,699.1679
536,TA82973,Oregon,F,High School or Below,785810.98,28937.0,104.0,2,Personal Auto,SUV,117.959654
537,GK71720,Oregon,F,High School or Below,606434.4,0.0,86.0,0,Personal Auto,Four-Door Car,545.240341
539,LL62746,Oregon,Male,Doctor,897064.73,12829.0,118.0,0,Personal Auto,SUV,328.231432
540,JQ56711,Oregon,F,Master,592311.72,92163.0,73.0,0,Personal Auto,Two-Door Car,66.568642
541,AW77988,Oregon,Male,High School or Below,3585059.94,17588.0,192.0,0,Personal Auto,Luxury,1382.4
542,QP84605,Washington,F,Bachelor,870984.53,41546.0,111.0,0,Corporate Auto,Four-Door Car,121.306839
543,MY97912,Arizona,Male,College,1330933.52,0.0,127.0,0,Personal Auto,SUV,609.6
546,BW80872,Washington,M,High School or Below,443441.12,34549.0,111.0,0,Personal Auto,Four-Door Car,125.933005
547,PX70175,Arizona,M,College,799600.75,93459.0,99.0,0,Personal Auto,Four-Door Car,655.41333
550,MY64920,Oregon,F,College,921713.06,73259.0,115.0,0,Personal Auto,SUV,673.34265
553,KL57176,Oregon,F,College,450540.58,67801.0,115.0,1,Personal Auto,SUV,23.810491
554,MN94234,California,M,High School or Below,310756.86,0.0,94.0,4,Personal Auto,Two-Door Car,451.2
558,VW27730,California,F,Master,866595.64,41163.0,108.0,0,Corporate Auto,SUV,231.922173
559,SH55671,Arizona,F,College,1141344.12,0.0,161.0,1,Personal Auto,Luxury,772.8
560,MO56878,California,M,Bachelor,1548843.2,33799.0,109.0,3,Corporate Auto,SUV,664.980242
561,VO38365,Washington,F,College,886114.95,90125.0,110.0,0,Corporate Auto,SUV,128.645946
562,SV35618,Oregon,F,Bachelor,593474.15,87747.0,147.0,1,Personal Auto,SUV,46.492039
563,RX12347,Nevada,M,College,354323.21,35695.0,90.0,0,Personal Auto,Four-Door Car,432.0
564,FR55658,California,M,Master,349002.83,90985.0,87.0,0,Personal Auto,Four-Door Car,78.085149
565,XS12556,California,F,College,368309.99,0.0,101.0,0,Corporate Auto,Luxury,564.466556
568,VM13430,Oregon,F,Bachelor,860915.82,79090.0,107.0,0,Corporate Auto,SUV,289.040734
569,TC78849,Oregon,M,Bachelor,249745.51,24825.0,64.0,0,Personal Auto,Two-Door Car,155.938593
571,WO90953,Oregon,F,College,538792.63,56835.0,67.0,0,Personal Auto,Two-Door Car,326.549425
572,IU47468,Oregon,F,Bachelor,616555.75,0.0,88.0,0,Special Auto,Two-Door Car,653.65668
573,KO46064,California,M,Bachelor,273020.29,46135.0,69.0,0,Personal Auto,Four-Door Car,103.935601
574,RB34917,Arizona,F,Bachelor,516211.69,0.0,73.0,0,Personal Auto,Four-Door Car,809.532341
578,ES39217,Oregon,F,Bachelor,778500.42,44897.0,99.0,1,Personal Auto,Four-Door Car,580.72531
579,KP72427,Washington,M,High School or Below,2163983.86,64455.0,108.0,0,Personal Auto,SUV,133.735395
580,UA19178,Oregon,F,Master,498082.5,53265.0,62.0,0,Personal Auto,Four-Door Car,238.005074
581,PR53785,Arizona,F,High School or Below,745723.78,0.0,198.0,1,Personal Auto,Luxury,1577.674417
582,XF57481,Washington,M,Master,1064093.93,50450.0,90.0,0,Personal Auto,Two-Door Car,135.892444
583,CN90378,California,F,High School or Below,686250.83,54780.0,88.0,3,Personal Auto,Four-Door Car,135.26125
584,KI56154,Nevada,M,High School or Below,904898.34,0.0,119.0,0,Personal Auto,Luxury,571.2
589,HG32616,Nevada,M,High School or Below,529574.17,50200.0,135.0,0,Personal Auto,Luxury,637.063458
592,PM27367,California,F,Master,277890.37,73570.0,70.0,1,Special Auto,Two-Door Car,75.936096
594,BH35482,Washington,M,Doctor,493094.93,70412.0,61.0,0,Corporate Auto,Two-Door Car,136.291083
595,QE22757,Nevada,M,Doctor,249131.7,36631.0,62.0,0,Personal Auto,Four-Door Car,67.530904
596,ON77649,Oregon,F,College,290887.59,35895.0,73.0,0,Personal Auto,Four-Door Car,312.921256
597,RN82884,Arizona,F,College,428294.8,40864.0,109.0,1,Personal Auto,SUV,166.937747
599,FF58467,Arizona,F,Master,509078.13,93018.0,63.0,0,Personal Auto,Four-Door Car,135.382194
600,BS83666,Oregon,M,Bachelor,736618.83,70014.0,62.0,0,Corporate Auto,Four-Door Car,17.742954
601,WO29605,Oregon,F,College,243687.51,48875.0,61.0,0,Personal Auto,Two-Door Car,1.838367
602,TL77607,California,M,Bachelor,885268.87,67969.0,74.0,0,Personal Auto,Four-Door Car,197.776009
603,EZ50606,Oregon,F,High School or Below,2387547.68,0.0,108.0,0,Corporate Auto,SUV,612.102262
606,XW96958,Nevada,M,High School or Below,757334.51,0.0,110.0,0,Corporate Auto,Four-Door Car,1193.036154
607,TU92578,California,M,College,1469663.55,45345.0,125.0,0,Personal Auto,SUV,600.0
608,TL43709,Washington,M,Bachelor,897214.03,89689.0,74.0,0,Personal Auto,Four-Door Car,136.829537
609,YE68736,California,F,Bachelor,772484.01,32051.0,193.0,1,Personal Auto,SUV,926.4
610,OB96537,Oregon,M,Master,594667.07,81139.0,74.0,0,Special Auto,Four-Door Car,392.6364
611,EU68825,Oregon,F,Master,800054.51,63834.0,100.0,1,Personal Auto,Luxury,215.226476
612,CC31456,Arizona,M,Bachelor,645756.1,37548.0,81.0,0,Special Auto,Four-Door Car,160.598662
613,DJ77787,Arizona,F,High School or Below,728144.01,0.0,69.0,3,Personal Auto,Four-Door Car,371.803029
615,YI92916,Nevada,M,Master,467842.34,83102.0,116.0,0,Corporate Auto,Four-Door Car,443.670399
616,NW54906,Oregon,M,College,1386992.71,28432.0,118.0,0,Personal Auto,SUV,612.300581
617,ME77513,Nevada,F,Master,871777.78,83707.0,108.0,0,Corporate Auto,Four-Door Car,290.391526
618,UK76891,California,F,College,523398.68,63259.0,65.0,0,Corporate Auto,Four-Door Car,316.795337
619,SI26888,Nevada,F,High School or Below,476418.97,0.0,67.0,0,Personal Auto,Four-Door Car,405.527937
620,YD74948,Oregon,F,College,247246.92,63860.0,62.0,0,Personal Auto,Four-Door Car,208.598246
621,HB64268,Washington,M,Bachelor,281369.26,43836.0,73.0,0,Personal Auto,Four-Door Car,138.130879
622,BW52697,California,F,College,550505.7,86132.0,68.0,0,Personal Auto,Two-Door Car,301.437365
623,NL41409,Oregon,F,Bachelor,260620.85,28519.0,66.0,0,Personal Auto,Two-Door Car,456.473115
624,OD69005,Arizona,F,High School or Below,1048194.38,39102.0,88.0,0,Personal Auto,Four-Door Car,152.338562
625,ZZ91716,California,F,Bachelor,325676.64,0.0,89.0,0,Personal Auto,Four-Door Car,491.755368
626,UK70255,California,F,College,3047578.05,97298.0,128.0,0,Personal Auto,Luxury,48.517439
627,QT25383,Nevada,M,High School or Below,636490.22,41986.0,84.0,2,Personal Auto,Two-Door Car,430.375049
630,FV19421,California,M,Bachelor,778099.93,0.0,74.0,0,Personal Auto,Four-Door Car,246.489123
631,XW89091,California,M,College,981652.83,37256.0,62.0,0,Personal Auto,Four-Door Car,128.969729
632,YC11951,Oregon,M,High School or Below,751913.36,96306.0,95.0,1,Corporate Auto,Four-Door Car,185.355353
633,UY18770,California,F,Bachelor,1017971.7,14290.0,271.0,0,Personal Auto,Luxury,1300.8
634,RA49085,California,F,College,277283.92,37038.0,71.0,1,Corporate Auto,Four-Door Car,9.071305
635,BG84194,Oregon,M,College,403750.18,90760.0,103.0,2,Special Auto,SUV,133.475315
636,PT64580,Washington,M,Master,419196.61,77048.0,103.0,0,Personal Auto,SUV,141.199465
638,DM95829,California,M,College,252395.96,16244.0,68.0,0,Personal Auto,Two-Door Car,623.223617
639,DB75522,California,F,College,698840.16,22436.0,89.0,0,Special Auto,Four-Door Car,427.2
640,LM34525,Washington,F,College,874205.78,71592.0,72.0,0,Personal Auto,Four-Door Car,141.725051
643,TN50051,California,F,Doctor,295776.4,83318.0,73.0,0,Personal Auto,Two-Door Car,211.336937
644,UO86707,Washington,M,Bachelor,717390.94,75217.0,61.0,1,Personal Auto,Four-Door Car,147.080303
645,JA41698,Nevada,M,Bachelor,309953.8,0.0,102.0,5,Corporate Auto,SUV,862.762957
647,DA69469,Oregon,F,College,2684312.45,36068.0,97.0,0,Personal Auto,Two-Door Car,113.367765
649,RA68844,Oregon,M,College,959995.02,0.0,131.0,0,Personal Auto,SUV,943.2
650,GH42026,Oregon,M,Bachelor,853510.89,55790.0,111.0,0,Personal Auto,SUV,117.672722
651,BD16530,Arizona,F,Bachelor,829348.19,70258.0,69.0,0,Personal Auto,Four-Door Car,225.145949
653,WK23685,Oregon,F,Bachelor,663685.98,47274.0,83.0,1,Corporate Auto,Four-Door Car,182.432565
654,GR62267,Washington,F,College,560908.25,44705.0,71.0,0,Personal Auto,Two-Door Car,148.173152
656,GF97874,Washington,F,Master,527562.7,70446.0,65.0,0,Personal Auto,Four-Door Car,155.570802
658,UK25655,Oregon,F,Bachelor,343525.01,64348.0,86.0,0,Personal Auto,Two-Door Car,212.391975
660,EL93539,California,M,Master,575744.23,88997.0,72.0,0,Special Auto,Four-Door Car,174.041566
662,DP46882,California,F,High School or Below,288645.16,10312.0,78.0,0,Corporate Auto,Four-Door Car,486.278557
664,TK60799,Arizona,F,High School or Below,416001.81,96263.0,103.0,0,Personal Auto,SUV,1.924709
667,NG66579,Oregon,M,Bachelor,505961.62,41869.0,64.0,0,Personal Auto,Two-Door Car,262.12205
669,ED50963,California,F,High School or Below,268886.4,32808.0,68.0,1,Personal Auto,Four-Door Car,541.695658
671,CP98451,Oregon,F,College,905793.53,91025.0,112.0,0,Personal Auto,SUV,327.682669
673,ZC32510,Arizona,M,High School or Below,933934.16,69442.0,118.0,3,Personal Auto,Four-Door Car,1265.570302
674,NG27780,Oregon,M,College,252012.32,0.0,70.0,0,Corporate Auto,Four-Door Car,63.043197
676,EB59129,Oregon,F,Bachelor,259574.8,47234.0,65.0,0,Personal Auto,Four-Door Car,15.631363
678,PM19162,Oregon,M,Bachelor,1453678.76,25805.0,66.0,2,Personal Auto,Four-Door Car,375.866091
681,BD35676,Arizona,M,Master,2919436.64,35296.0,126.0,0,Personal Auto,SUV,452.616872
682,NI44621,Oregon,F,Master,988038.58,36576.0,125.0,1,Personal Auto,SUV,113.450122
684,HX44948,Oregon,M,Bachelor,575991.08,85448.0,72.0,0,Special Auto,Four-Door Car,16.03451
685,DL36983,Oregon,F,High School or Below,849516.42,23791.0,110.0,3,Personal Auto,Two-Door Car,615.27228
686,XR87264,California,F,Bachelor,438118.42,20597.0,112.0,0,Personal Auto,Four-Door Car,615.256301
687,NN99001,Arizona,F,College,699782.74,56940.0,87.0,0,Personal Auto,Four-Door Car,512.66245
688,XV95530,Oregon,M,Bachelor,1143058.85,93210.0,71.0,0,Personal Auto,Two-Door Car,74.523935
689,OL97871,Oregon,F,Bachelor,748248.61,48992.0,94.0,1,Personal Auto,Four-Door Car,426.072946
690,HQ23708,Arizona,F,Master,859691.66,53736.0,71.0,0,Personal Auto,Two-Door Car,169.287785
691,WR63188,Arizona,M,College,785496.08,25378.0,66.0,1,Personal Auto,Four-Door Car,419.464143
693,KU29408,Washington,M,Master,907576.82,37722.0,116.0,0,Corporate Auto,Luxury,158.077504
697,VO26340,Nevada,M,College,651297.65,0.0,93.0,0,Personal Auto,Two-Door Car,669.6
698,NV61299,Arizona,F,Bachelor,2778969.24,33806.0,89.0,0,Corporate Auto,Four-Door Car,395.729716
699,DX31066,Washington,F,College,266727.0,94041.0,66.0,0,Personal Auto,Four-Door Car,159.756733
700,CY50337,Oregon,F,College,1092840.71,74965.0,90.0,0,Personal Auto,Four-Door Car,58.557552
703,JJ76159,California,M,College,243468.12,96045.0,61.0,0,Corporate Auto,Four-Door Car,8.582971
704,BG15419,Nevada,F,Bachelor,1419536.03,86355.0,118.0,0,Personal Auto,Luxury,285.418473
706,HQ82233,California,M,High School or Below,1198242.09,42995.0,101.0,0,Personal Auto,SUV,410.508316
707,OL72737,Oregon,F,High School or Below,310278.95,21235.0,79.0,0,Personal Auto,Two-Door Car,244.23135
708,ZQ59828,California,M,High School or Below,422263.12,74585.0,106.0,0,Personal Auto,SUV,218.598065
709,NZ15548,Oregon,M,Bachelor,402381.44,41833.0,103.0,0,Personal Auto,Four-Door Car,643.826716
712,CM94425,Arizona,M,Bachelor,441620.62,61953.0,113.0,0,Personal Auto,SUV,497.047297
713,OV54878,California,M,Bachelor,463903.52,0.0,142.0,0,Corporate Auto,SUV,1022.4
714,JF57282,Nevada,M,Bachelor,486354.46,0.0,137.0,0,Personal Auto,SUV,657.6
715,MY37953,Arizona,F,Bachelor,2583090.98,73760.0,107.0,1,Personal Auto,Luxury,230.245772
716,XP64922,Oregon,F,College,297431.49,23333.0,74.0,0,Corporate Auto,Four-Door Car,5.622751
719,HJ15383,Washington,M,Master,803240.19,27658.0,68.0,0,Personal Auto,Four-Door Car,160.07526
721,YM79169,California,M,Bachelor,261275.67,19003.0,71.0,0,Personal Auto,Two-Door Car,34.651305
722,DR38127,California,M,College,857346.39,46703.0,108.0,0,Personal Auto,Four-Door Car,678.100487
727,YB33445,Oregon,F,College,898285.04,43490.0,114.0,4,Corporate Auto,SUV,174.588413
728,BA17836,California,M,High School or Below,786816.6,57340.0,67.0,0,Corporate Auto,Four-Door Car,159.391681
729,JS43228,California,M,College,770424.87,49088.0,97.0,0,Corporate Auto,Four-Door Car,698.4
730,BB11622,Nevada,M,Master,1055217.0,47761.0,131.0,0,Personal Auto,SUV,232.711071
731,HQ70429,Washington,F,College,1604510.95,0.0,65.0,0,Personal Auto,Two-Door Car,163.046956
732,WK88044,Arizona,M,Bachelor,873783.75,61281.0,110.0,0,Personal Auto,SUV,79.865605
734,EH16250,Arizona,M,Bachelor,770528.33,25290.0,66.0,0,Personal Auto,Four-Door Car,382.085897
735,PU41872,Arizona,F,High School or Below,703926.24,24239.0,88.0,0,Personal Auto,Four-Door Car,48.348319
736,HB85743,California,M,Bachelor,883808.56,82664.0,114.0,3,Personal Auto,SUV,133.425609
738,MB83663,Oregon,F,Bachelor,959747.48,38736.0,81.0,0,Personal Auto,Two-Door Car,561.414794
740,KH24214,Oregon,M,College,1785797.23,55437.0,64.0,1,Personal Auto,Four-Door Car,445.287788
741,AC40767,Washington,M,Bachelor,249780.82,68041.0,6464.0,0,Personal Auto,Two-Door Car,165.570243
742,HP55391,Oregon,M,Master,542613.62,0.0,71.0,0,Corporate Auto,Four-Door Car,407.99684
743,EG62398,California,F,High School or Below,799814.38,29066.0,100.0,0,Personal Auto,SUV,844.229478
745,AM92343,Oregon,F,High School or Below,1159950.22,67616.0,96.0,0,Personal Auto,Four-Door Car,340.306584
746,GI68556,California,F,Bachelor,1514793.06,41082.0,63.0,0,Personal Auto,Two-Door Car,106.647493
747,JT11876,Washington,F,High School or Below,543576.78,0.0,10202.0,0,Personal Auto,Four-Door Car,626.116259
749,MK34957,Oregon,F,College,1329771.23,50631.0,112.0,4,Special Auto,SUV,784.65781
751,AP23850,Washington,F,High School or Below,1777154.9,0.0,114.0,0,Personal Auto,Two-Door Car,547.2
752,KQ65521,Arizona,F,College,1826927.02,55761.0,115.0,0,Personal Auto,Luxury,86.27772
754,QB70027,California,F,Bachelor,708321.24,41449.0,89.0,0,Personal Auto,Four-Door Car,63.516572
756,KH64733,Nevada,F,College,588950.91,62007.0,73.0,0,Personal Auto,Four-Door Car,120.015609
757,ON59472,Arizona,M,High School or Below,1577139.34,21921.0,206.0,0,Corporate Auto,Luxury,1254.137899
759,RV15398,Oregon,M,College,2758055.4,0.0,87.0,1,Personal Auto,Four-Door Car,417.6
760,EA25683,Washington,M,High School or Below,777853.23,63786.0,196.0,0,Corporate Auto,Luxury,798.002689
761,PW73754,California,F,High School or Below,734186.13,0.0,104.0,3,Personal Auto,Luxury,82.041684
762,MC71942,California,F,High School or Below,791919.7,82877.0,99.0,1,Personal Auto,Two-Door Car,22.819088
764,YQ99152,Nevada,M,High School or Below,978780.88,10475.0,88.0,1,Personal Auto,Two-Door Car,422.4
766,PM76175,Oregon,F,Bachelor,2114727.72,49721.0,132.0,0,Corporate Auto,Luxury,639.971388
770,BE62503,Washington,F,College,920659.83,24589.0,82.0,0,Personal Auto,Two-Door Car,511.497882
772,NC58480,Nevada,F,Bachelor,483820.9,73769.0,61.0,2,Personal Auto,Four-Door Car,239.540223
773,NS39326,California,F,College,462554.81,66670.0,114.0,0,Personal Auto,SUV,518.180364
774,PN18507,Arizona,M,Bachelor,1404210.3,88854.0,118.0,0,Personal Auto,Two-Door Car,715.252366
777,ZW71731,California,M,Bachelor,517035.84,89284.0,133.0,2,Corporate Auto,SUV,402.070719
778,ZC24631,Oregon,M,College,1391737.72,67267.0,89.0,0,Corporate Auto,Four-Door Car,94.814032
784,QD38160,Oregon,M,College,447177.82,0.0,135.0,0,Personal Auto,SUV,972.0
785,BM15160,California,F,High School or Below,849635.28,44624.0,71.0,1,Special Auto,Four-Door Car,73.883044
787,EV19512,Nevada,F,Master,1630196.76,19614.0,85.0,0,Personal Auto,Two-Door Car,574.024018
788,TE13577,Oregon,F,College,231973.59,0.0,64.0,0,Personal Auto,Four-Door Car,632.715382
790,YG20683,Washington,M,College,286011.17,51159.0,72.0,0,Personal Auto,Four-Door Car,4.238626
791,FK75497,California,M,College,245340.83,83772.0,62.0,0,Personal Auto,Two-Door Car,42.248087
793,TN36521,Arizona,F,College,2498022.55,88440.0,70.0,0,Personal Auto,Two-Door Car,27.145151
794,HG33568,Arizona,F,Master,748263.95,25666.0,63.0,2,Personal Auto,Four-Door Car,270.002766
796,ZO83562,Nevada,F,Bachelor,237974.12,0.0,67.0,0,Personal Auto,Four-Door Car,494.946438
797,CH97539,Washington,F,Bachelor,828696.44,40001.0,70.0,0,Personal Auto,Four-Door Car,142.567008
801,NY56352,Oregon,F,Bachelor,280391.67,23220.0,74.0,0,Personal Auto,Four-Door Car,251.334247
802,EA27048,California,F,High School or Below,864650.41,64125.0,108.0,0,Personal Auto,SUV,369.818708
803,UT38865,Oregon,F,College,742587.06,58042.0,62.0,0,Corporate Auto,Four-Door Car,161.419528
807,CV31235,Arizona,M,Bachelor,318435.52,50989.0,80.0,0,Corporate Auto,Four-Door Car,255.999709
809,LB25094,California,F,Bachelor,253070.51,89451.0,63.0,0,Special Auto,Four-Door Car,61.769564
810,KW56110,Oregon,M,Bachelor,1836155.53,0.0,182.0,0,Personal Auto,Luxury,1310.4
811,XO36233,Washington,M,Bachelor,864153.0,78904.0,109.0,0,Personal Auto,SUV,250.001424
812,ZX86243,Arizona,M,Doctor,327853.19,70247.0,83.0,1,Personal Auto,Four-Door Car,141.799422
814,CT83377,Washington,M,High School or Below,376363.77,93595.0,97.0,4,Special Auto,Four-Door Car,49.797016
815,OQ90898,California,M,Master,1395556.96,90279.0,115.0,0,Personal Auto,SUV,372.175592
816,GO77248,Oregon,F,College,500152.75,0.0,72.0,0,Personal Auto,Four-Door Car,542.14385
817,QW33258,California,M,Bachelor,708283.04,53310.0,189.0,3,Personal Auto,Luxury,1360.8
819,VZ79886,Oregon,F,Bachelor,1255088.2,22234.0,160.0,0,Personal Auto,SUV,768.0
820,FI92440,Washington,F,High School or Below,3219660.04,91375.0,99.0,0,Personal Auto,Two-Door Car,72.632934
821,YG85980,Nevada,F,High School or Below,679377.41,22250.0,86.0,0,Personal Auto,Two-Door Car,720.601429
822,QM74621,Oregon,M,Bachelor,527231.97,0.0,80.0,0,Personal Auto,Four-Door Car,576.0
823,EI71732,Oregon,F,Doctor,626534.33,0.0,84.0,1,Personal Auto,Four-Door Car,481.025786
824,VN79010,California,F,High School or Below,854758.61,51179.0,71.0,0,Corporate Auto,Four-Door Car,466.176731
825,FI61723,California,M,Bachelor,278742.37,38667.0,72.0,0,Personal Auto,Four-Door Car,159.266473
827,TF10720,Nevada,F,Doctor,866336.4,67763.0,107.0,2,Personal Auto,Four-Door Car,41.283167
828,NW30838,Nevada,M,High School or Below,387222.22,0.0,62.0,2,Corporate Auto,Four-Door Car,503.808329
829,CB58476,Oregon,F,College,517081.15,0.0,71.0,0,Corporate Auto,Four-Door Car,859.599411
830,WI69346,California,F,Master,896028.02,71943.0,112.0,0,Corporate Auto,SUV,305.653785
831,FS76657,Oregon,F,College,547183.43,53526.0,68.0,0,Personal Auto,Four-Door Car,278.902846
832,YX89016,Oregon,M,College,3493100.17,35005.0,295.0,0,Personal Auto,Luxury,1416.0
833,PK28821,California,M,College,262039.23,24721.0,67.0,0,Personal Auto,Four-Door Car,139.963594
834,MB51200,Washington,M,College,1906949.95,0.0,102.0,2,Personal Auto,Four-Door Car,734.4
838,RV67546,California,M,Bachelor,371243.05,73205.0,92.0,0,Personal Auto,Four-Door Car,37.299865
839,UJ79253,Oregon,F,College,2185084.0,51056.0,78.0,0,Personal Auto,Four-Door Car,95.816516
840,PN98247,California,M,College,784016.58,58414.0,210.0,2,Personal Auto,Luxury,1008.0
842,OE19087,California,F,High School or Below,224347.39,0.0,62.0,0,Personal Auto,Four-Door Car,446.4
843,CM95716,California,M,Bachelor,843446.41,44216.0,71.0,0,Personal Auto,Four-Door Car,72.205362
849,GB35238,California,F,Bachelor,757953.27,33906.0,64.0,0,Personal Auto,Two-Door Car,401.592109
850,ML82674,Oregon,M,Bachelor,1097878.03,68158.0,139.0,1,Personal Auto,SUV,253.183568
851,EI85244,California,M,College,825506.01,0.0,134.0,3,Personal Auto,SUV,643.2
852,DE28132,Oregon,M,College,474773.46,42165.0,123.0,0,Corporate Auto,SUV,799.673766
855,OB69153,California,M,Bachelor,258218.53,68074.0,65.0,0,Personal Auto,Four-Door Car,27.987867
856,QZ77637,Washington,F,College,1166509.78,84978.0,35353.0,1,Corporate Auto,Four-Door Car,166.77296
857,XN41715,California,F,Master,739628.37,71135.0,92.0,1,Personal Auto,Four-Door Car,270.563995
861,WA25797,Washington,Male,High School or Below,856476.82,95697.0,107.0,0,Personal Auto,Luxury,178.006524
862,NL59519,California,F,College,1156568.75,64642.0,96.0,0,Personal Auto,Four-Door Car,404.265696
864,DK94262,Oregon,M,High School or Below,850712.88,46754.0,106.0,1,Personal Auto,SUV,513.818403
866,OR40060,Arizona,M,Bachelor,332309.25,70410.0,83.0,0,Personal Auto,Four-Door Car,131.828507
867,DK32872,Nevada,F,High School or Below,523433.17,66957.0,131.0,1,Personal Auto,SUV,628.8
869,ER19995,Washington,F,College,1778627.78,99790.0,6464.0,0,Personal Auto,Four-Door Car,178.986788
870,KI75855,Oregon,M,Master,255122.67,79751.0,63.0,0,Personal Auto,Two-Door Car,392.235698
871,ND41876,Arizona,M,High School or Below,724771.37,86122.0,182.0,1,Personal Auto,Luxury,873.6
872,PN21042,Arizona,M,Bachelor,453884.78,82297.0,116.0,0,Personal Auto,Luxury,0.382107
873,GJ43254,Washington,M,College,3164210.46,89057.0,98.0,0,Corporate Auto,Two-Door Car,187.363583
878,UU98729,California,M,Bachelor,535719.27,0.0,73.0,0,Personal Auto,Four-Door Car,350.853987
879,WS82822,Oregon,F,College,539197.1,41662.0,69.0,0,Corporate Auto,Four-Door Car,217.973168
881,XC16387,Arizona,F,High School or Below,504041.24,46072.0,64.0,0,Personal Auto,Four-Door Car,25.934064
884,AY18433,Washington,F,High School or Below,2738281.89,45473.0,76.0,0,Special Auto,Two-Door Car,188.938397
887,OX36896,California,M,High School or Below,1053607.8,92983.0,87.0,1,Corporate Auto,Four-Door Car,153.205591
888,BZ65376,Arizona,M,Bachelor,858127.87,27689.0,239.0,2,Personal Auto,Luxury,2893.239678
889,LN34660,California,F,College,946311.33,69654.0,118.0,0,Corporate Auto,SUV,629.532731
890,JC29295,California,F,Bachelor,1344100.64,80744.0,111.0,0,Personal Auto,SUV,361.284757
891,KJ87930,California,F,Bachelor,388650.48,0.0,112.0,0,Corporate Auto,SUV,1185.988301
895,MR57294,California,M,High School or Below,563994.2,73168.0,70.0,0,Personal Auto,Four-Door Car,425.800112
896,UG79499,Washington,M,Bachelor,1168137.43,70930.0,99.0,0,Personal Auto,Four-Door Car,190.43446
897,UA50747,Washington,F,High School or Below,2599775.0,62262.0,72.0,0,Corporate Auto,Four-Door Car,193.505325
898,GL20444,Nevada,F,Master,1377836.93,91474.0,113.0,0,Corporate Auto,Two-Door Car,24.087774
900,XM91635,Arizona,F,High School or Below,227233.54,16618.0,62.0,0,Special Auto,Four-Door Car,219.288706
901,TV82603,California,F,Bachelor,1489539.8,48081.0,188.0,0,Personal Auto,Luxury,881.360959
902,BB82067,Oregon,M,Doctor,975604.5,67632.0,121.0,0,Personal Auto,Luxury,26.951627
903,JP94676,Oregon,F,Bachelor,942297.41,34115.0,119.0,0,Personal Auto,SUV,466.122541
905,IW54795,California,M,College,1095213.19,23748.0,99.0,0,Personal Auto,Four-Door Car,607.095655
907,IX55883,California,F,College,1948049.98,50809.0,83.0,0,Personal Auto,Four-Door Car,290.381707
908,XM72420,Arizona,F,High School or Below,391936.67,66676.0,97.0,0,Personal Auto,Four-Door Car,558.099357
910,RX13282,Oregon,M,Bachelor,1216874.49,14973.0,115.0,0,Personal Auto,SUV,828.0
911,QA85890,Arizona,F,High School or Below,584932.15,0.0,83.0,0,Corporate Auto,Four-Door Car,540.514115
912,IR62668,Arizona,F,Bachelor,508583.66,31546.0,65.0,0,Personal Auto,Four-Door Car,100.049832
913,AL96740,California,F,College,290393.98,67763.0,73.0,1,Personal Auto,Four-Door Car,59.861963
914,SS48498,Washington,F,College,627317.34,20836.0,79.0,0,Corporate Auto,Four-Door Car,193.57032
915,PE39479,Washington,M,College,1832141.9,88592.0,76.0,0,Corporate Auto,Four-Door Car,199.79727
916,JH62891,Oregon,F,College,517870.42,66943.0,65.0,1,Special Auto,Four-Door Car,53.084753
917,FI20423,Arizona,F,High School or Below,1402435.84,81872.0,115.0,0,Special Auto,Four-Door Car,256.43803
918,PM13394,Washington,F,College,530943.59,22404.0,70.0,1,Personal Auto,Four-Door Car,211.136067
919,YV67971,California,F,High School or Below,494980.38,21342.0,62.0,0,Personal Auto,Four-Door Car,74.350893
920,QD31377,California,M,Bachelor,859566.53,34621.0,108.0,1,Corporate Auto,SUV,621.464468
922,FE73696,Oregon,M,High School or Below,379213.03,97212.0,93.0,0,Personal Auto,Two-Door Car,360.05589
923,SW19699,Arizona,F,Bachelor,275574.8,49648.0,70.0,0,Personal Auto,Four-Door Car,65.954813
924,QJ40732,Arizona,M,College,488033.96,97984.0,61.0,1,Personal Auto,Four-Door Car,407.450118
926,NT59303,Oregon,F,College,1011544.62,63528.0,256.0,0,Personal Auto,Luxury,1228.8
929,QN10888,Oregon,F,High School or Below,772699.36,87620.0,64.0,0,Personal Auto,Four-Door Car,24.063693
930,VY19543,California,F,Bachelor,831113.59,0.0,72.0,0,Corporate Auto,Four-Door Car,311.329282
931,XC15133,Nevada,F,Master,257402.04,34990.0,65.0,0,Personal Auto,Four-Door Car,42.689135
932,ST43550,Oregon,M,Bachelor,572732.71,99934.0,71.0,0,Special Auto,Four-Door Car,460.323855
933,FX36546,Washington,M,Master,367914.21,60804.0,92.0,0,Personal Auto,Four-Door Car,213.225001
935,HX78576,California,F,High School or Below,563674.03,24516.0,71.0,0,Personal Auto,Four-Door Car,300.607591
936,ZQ11381,Arizona,M,Bachelor,1687038.82,61063.0,85.0,0,Personal Auto,Four-Door Car,262.504882
937,ON39271,California,M,Master,273800.2,0.0,74.0,0,Personal Auto,Two-Door Car,263.365432
940,XI41106,Arizona,M,College,1687432.82,55390.0,71.0,0,Corporate Auto,Two-Door Car,256.268091
942,RU49126,Washington,F,College,446533.57,61846.0,112.0,0,Personal Auto,SUV,215.8182
944,ZJ73220,Arizona,F,College,1309258.58,0.0,188.0,0,Special Auto,Luxury,1353.6
946,CU36986,California,F,High School or Below,416516.66,55897.0,104.0,0,Personal Auto,Four-Door Car,499.2
947,WZ53904,Arizona,M,Bachelor,265998.06,21297.0,71.0,0,Personal Auto,Four-Door Car,45.507952
949,TD10493,Oregon,F,High School or Below,289873.27,0.0,96.0,4,Personal Auto,Four-Door Car,691.2
951,VX39856,Arizona,F,Doctor,350045.44,89398.0,86.0,0,Personal Auto,Four-Door Car,82.409922
952,TP51897,California,F,College,262180.86,36843.0,68.0,3,Corporate Auto,Four-Door Car,357.642982
954,EI91403,California,M,High School or Below,257827.1,34946.0,65.0,0,Personal Auto,Two-Door Car,420.35698
955,QG15435,Arizona,F,College,624259.57,75680.0,78.0,0,Personal Auto,Four-Door Car,136.787725
957,HX77930,Washington,F,College,313643.21,49532.0,79.0,1,Personal Auto,Four-Door Car,220.186677
958,UN37063,Arizona,M,Bachelor,452536.58,10269.0,65.0,0,Personal Auto,Two-Door Car,170.798204
959,VB87946,California,M,College,497035.73,49714.0,63.0,3,Personal Auto,Four-Door Car,266.165535
960,AB60627,California,M,High School or Below,1546778.9,77517.0,129.0,0,Corporate Auto,SUV,98.921782
961,TA34903,Oregon,M,High School or Below,583889.92,81082.0,73.0,0,Personal Auto,Four-Door Car,281.295903
962,AQ51368,Oregon,F,Bachelor,1065688.2,72540.0,88.0,0,Corporate Auto,Two-Door Car,631.743039
964,GB45753,California,M,High School or Below,543980.42,61546.0,68.0,0,Corporate Auto,Two-Door Car,29.209521
965,BV79904,California,F,Master,795615.01,44818.0,67.0,1,Personal Auto,Two-Door Car,136.883999
968,JO63462,California,M,Bachelor,330799.9,79797.0,84.0,0,Corporate Auto,Two-Door Car,31.755601
969,NJ10602,Washington,F,College,845905.32,92717.0,70.0,0,Personal Auto,Two-Door Car,224.27582
970,RS24501,Oregon,F,College,1335012.09,28919.0,173.0,0,Personal Auto,SUV,830.4
971,VT78274,Arizona,M,College,493122.13,0.0,68.0,0,Personal Auto,Four-Door Car,480.159011
972,SU56153,Nevada,M,Bachelor,777683.52,63568.0,65.0,0,Corporate Auto,Two-Door Car,390.792553
973,MN20737,Nevada,F,College,255367.22,73935.0,64.0,1,Corporate Auto,Four-Door Car,72.071195
976,TR88637,Arizona,F,High School or Below,810591.08,38893.0,103.0,0,Personal Auto,SUV,41.965252
977,TC88986,Oregon,M,High School or Below,561968.91,0.0,153.0,0,Special Auto,SUV,1027.000029
978,XX88577,California,M,Bachelor,1572713.06,84824.0,196.0,0,Corporate Auto,SUV,319.820747
979,NE49052,California,F,High School or Below,661801.64,20068.0,86.0,0,Corporate Auto,Four-Door Car,411.011162
982,WH32183,California,M,Bachelor,832307.4,97245.0,70.0,0,Personal Auto,Four-Door Car,4.110585
983,ES90681,California,F,College,241776.0,51808.0,61.0,1,Personal Auto,Four-Door Car,351.149904
984,DW96592,California,M,Bachelor,804487.24,71391.0,67.0,0,Personal Auto,Four-Door Car,284.000172
985,MT23134,Oregon,M,High School or Below,532572.45,0.0,73.0,0,Personal Auto,Two-Door Car,496.474767
986,BM69081,Arizona,M,Bachelor,694752.4,0.0,100.0,0,Personal Auto,SUV,925.137143
987,MB90871,Oregon,F,College,584741.52,23496.0,77.0,0,Special Auto,Four-Door Car,13.164097
988,GT62080,Washington,M,High School or Below,793690.0,55561.0,63.0,0,Personal Auto,Four-Door Car,227.872071
989,QL77686,Nevada,F,College,472478.61,23986.0,119.0,0,Corporate Auto,SUV,463.335061
990,ON77827,Arizona,F,Master,279022.8,22974.0,71.0,0,Personal Auto,Four-Door Car,180.667969
994,YE97964,California,F,Bachelor,1646436.59,27760.0,104.0,0,Personal Auto,SUV,302.764283
997,UC88305,Arizona,F,College,266544.71,52266.0,68.0,0,Corporate Auto,Two-Door Car,141.922839
998,TS53809,Oregon,M,Bachelor,709891.41,0.0,70.0,0,Personal Auto,Two-Door Car,349.783046
1001,AS55677,California,F,High School or Below,833899.58,70534.0,104.0,0,Personal Auto,Four-Door Car,54.065538
1003,SA50567,Nevada,M,Bachelor,544855.52,85296.0,68.0,0,Personal Auto,Four-Door Car,342.515136
1005,VL37375,California,M,Bachelor,618509.65,0.0,92.0,0,Personal Auto,Two-Door Car,1027.177255
1006,KN21017,Nevada,M,High School or Below,320822.59,52367.0,81.0,0,Personal Auto,Four-Door Car,275.989978
1007,PX44289,Arizona,M,College,548010.41,58651.0,71.0,0,Personal Auto,Four-Door Car,472.599683
1008,AM97901,Nevada,F,College,2298615.39,84831.0,192.0,0,Special Auto,Luxury,1336.931716
1010,TR81766,California,F,College,746292.63,70263.0,93.0,0,Corporate Auto,Two-Door Car,7.345946
1011,CH85057,Oregon,F,Doctor,1146399.1,45354.0,285.0,0,Personal Auto,Luxury,540.141566
1012,UP71482,Arizona,M,High School or Below,723613.25,0.0,63.0,0,Personal Auto,Four-Door Car,383.363758
1013,EG40670,California,F,Bachelor,623268.79,28334.0,83.0,0,Special Auto,Four-Door Car,537.765151
1014,HV83672,Oregon,F,Bachelor,2839332.99,38772.0,90.0,0,Personal Auto,Four-Door Car,321.873474
1015,MG10140,Oregon,F,College,374675.16,41479.0,94.0,1,Personal Auto,Two-Door Car,19.575683
1017,QO65264,California,M,College,501208.37,48328.0,63.0,0,Personal Auto,Two-Door Car,108.138715
1019,OT52034,California,M,Bachelor,386477.68,24204.0,99.0,1,Personal Auto,Four-Door Car,707.303416
1020,CH85444,Oregon,M,College,414571.19,25943.0,110.0,0,Corporate Auto,Two-Door Car,1067.333126
1021,PU85769,California,M,High School or Below,515607.27,0.0,73.0,0,Personal Auto,Four-Door Car,807.947292
1022,UI73201,California,M,College,366737.5,62375.0,92.0,0,Personal Auto,Two-Door Car,618.630955
1023,SL50592,California,F,High School or Below,783568.35,0.0,71.0,0,Corporate Auto,Four-Door Car,404.272806
1024,XP11075,Arizona,M,Bachelor,1456726.84,0.0,148.0,0,Personal Auto,SUV,710.4
1026,JN26745,Nevada,F,Bachelor,413577.52,0.0,112.0,0,Special Auto,Four-Door Car,707.977614
1028,JX76668,Washington,F,High School or Below,1131424.39,62935.0,141.0,0,Personal Auto,Luxury,232.242326
1029,DS45802,California,F,High School or Below,541461.73,26893.0,68.0,0,Personal Auto,Four-Door Car,68.226001
1030,OA96690,Oregon,F,High School or Below,742159.35,47406.0,94.0,1,Personal Auto,Four-Door Car,287.149807
1033,OV50124,Oregon,F,College,493688.84,0.0,72.0,2,Personal Auto,Two-Door Car,391.636628
1035,BU41599,Washington,F,Master,558176.13,62739.0,70.0,0,Personal Auto,Two-Door Car,239.328571
1036,TK30357,California,F,Bachelor,1413434.74,90844.0,118.0,0,Personal Auto,SUV,232.674417
1038,NH16984,California,F,Bachelor,283806.78,0.0,80.0,0,Personal Auto,Four-Door Car,336.50961
1041,QS75550,Washington,F,Bachelor,248004.59,93383.0,62.0,0,Corporate Auto,Two-Door Car,244.212286
1043,VM92311,Arizona,F,High School or Below,252907.75,89129.0,64.0,0,Personal Auto,Four-Door Car,328.870868
1045,WZ31900,Oregon,F,Bachelor,864970.06,94389.0,107.0,0,Corporate Auto,SUV,85.063708
1046,RG30482,Oregon,F,College,1366835.53,0.0,197.0,0,Personal Auto,SUV,1418.4
1047,ZM86949,Oregon,F,High School or Below,2063508.46,84106.0,64.0,0,Personal Auto,Two-Door Car,334.408717
1048,QQ39596,Arizona,F,College,251753.36,0.0,69.0,0,Personal Auto,Four-Door Car,42.096415
1049,FH51383,California,F,High School or Below,532667.77,76717.0,66.0,0,Personal Auto,Two-Door Car,300.528579
1050,BJ53923,Arizona,M,High School or Below,260027.21,51978.0,66.0,0,Corporate Auto,Four-Door Car,144.782152
1051,CZ96653,Oregon,F,Bachelor,853479.28,47325.0,107.0,0,Personal Auto,SUV,64.598216
1053,NT43594,Nevada,F,Bachelor,224844.96,24910.0,63.0,1,Personal Auto,Four-Door Car,347.857619
1054,RJ85627,Washington,F,Bachelor,1230276.24,43817.0,62.0,1,Personal Auto,Four-Door Car,245.447622
1058,UX92071,Oregon,M,High School or Below,674311.93,0.0,199.0,0,Personal Auto,Luxury,955.2
1059,YG44474,Oregon,M,College,1401472.13,54193.0,117.0,0,Corporate Auto,SUV,720.752945
1060,UH45301,Oregon,M,College,943891.56,86946.0,118.0,0,Personal Auto,Four-Door Car,340.656963
1061,RY92647,California,F,Bachelor,1050677.17,0.0,92.0,0,Personal Auto,Four-Door Car,546.524896
1062,IK12620,Arizona,F,High School or Below,421391.86,12160.0,109.0,0,Personal Auto,Four-Door Car,489.411833
1063,GQ66762,California,M,College,477368.64,33701.0,63.0,0,Personal Auto,Four-Door Car,171.325856
1064,YT69858,Washington,F,Bachelor,544142.01,85702.0,67.0,0,Personal Auto,Two-Door Car,249.085887
1065,XD85577,California,M,Bachelor,284226.69,69417.0,73.0,1,Personal Auto,Four-Door Car,30.874869
1066,TM65736,Oregon,M,Master,305955.03,38644.0,78.0,1,Personal Auto,Four-Door Car,361.455219
1067,VJ51327,California,F,High School or Below,2031499.76,63209.0,102.0,2,Personal Auto,SUV,207.320041
